<?xml version="1.0" encoding="UTF-8"?>
<!DOCTYPE fontscolors PUBLIC "-//NetBeans//DTD Editor Fonts and Colors settings 1.2//EN" "https://netbeans.apache.org/dtds/EditorFontsColors-1_2.dtd">
<fontscolors>
    <fontcolor default="comment" foreColor="ff8a653b" name="javadoc-identifier"/>
    <fontcolor name="mod-public"/>
    <fontcolor default="identifier" foreColor="ff9acc76" name="mod-interface-declaration"/>
    <fontcolor default="operator" name="operator"/>
    <fontcolor default="number" name="number"/>
    <fontcolor default="char" name="character"/>
    <fontcolor default="identifier" foreColor="ffeb6772" name="mod-parameter"/>
    <fontcolor default="comment" name="javadoc-first-sentence"/>
    <fontcolor default="string" foreColor="ffcc7832" name="string-escape"/>
    <fontcolor default="keyword" foreColor="ffcd74e8" name="keyword"/>
    <fontcolor default="identifier" foreColor="ffadb7c9" name="identifier"/>
    <fontcolor default="field" foreColor="ffadb7c9" name="mod-field"/>
    <fontcolor default="method" foreColor="ff5cb3fa" name="mod-method"/>
    <fontcolor default="identifier" foreColor="ff9acc76" name="mod-interface"/>
    <fontcolor default="identifier" foreColor="ff5cb3fa" name="mod-constructor-declaration"/>
    <fontcolor default="comment" foreColor="ff9999ff" name="html-tag">
        <font style="italic"/>
    </fontcolor>
    <fontcolor default="separator" name="separator"/>
    <fontcolor default="identifier" foreColor="ffeb6772" name="mod-parameter-declaration"/>
    <fontcolor default="field" name="mod-record-component-declaration"/>
    <fontcolor name="mod-static"/>
    <fontcolor default="character" name="character-escape">
        <font style="bold"/>
    </fontcolor>
    <fontcolor default="identifier" foreColor="fff0c678" name="mod-class-declaration"/>
    <fontcolor default="identifier" name="mod-module"/>
    <fontcolor default="field" name="mod-field-declaration"/>
    <fontcolor foreColor="ff9acc76" name="mod-abstract"/>
    <fontcolor default="string" name="string"/>
    <fontcolor default="field" name="mod-record-component"/>
    <fontcolor name="mod-unindented-text-block"/>
    <fontcolor default="identifier" foreColor="fff0c678" name="mod-class"/>
    <fontcolor foreColor="gray" name="mod-unused" waveUnderlined="ff5f697a"/>
    <fontcolor default="method" foreColor="ff5cb3fa" name="mod-method-declaration"/>
    <fontcolor default="identifier" name="mod-module-declaration">
        <font style="bold"/>
    </fontcolor>
    <fontcolor default="keyword" name="keyword-directive"/>
    <fontcolor default="keyword" name="literal"/>
    <fontcolor name="mod-deprecated" strikeThrough="ffc3c3c3"/>
    <fontcolor default="identifier" foreColor="ffff9900" name="mod-annotation-type"/>
    <fontcolor default="identifier" name="mod-record"/>
    <fontcolor default="string" name="string-escape-invalid" waveUnderlined="red"/>
    <fontcolor default="identifier" name="mod-local-variable"/>
    <fontcolor default="keyword" name="mod-keyword"/>
    <fontcolor default="comment" name="javadoc-tag"/>
    <fontcolor default="identifier" name="mod-annotation-type-declaration"/>
    <fontcolor name="mod-protected"/>
    <fontcolor default="character" name="character-escape-invalid"/>
    <fontcolor default="identifier" name="mod-enum"/>
    <fontcolor default="identifier" name="mod-local-variable-declaration"/>
    <fontcolor name="mod-private"/>
    <fontcolor default="identifier" name="mod-enum-declaration"/>
    <fontcolor name="mod-package-private"/>
    <fontcolor default="comment" foreColor="ff5f697a" name="comment"/>
    <fontcolor default="whitespace" name="whitespace"/>
    <fontcolor default="identifier" foreColor="ff5cb3fa" name="mod-constructor"/>
</fontscolors>
