<keymap version="1" name="VSCode copy" parent="VSCode">
  <action id="ActivateProjectToolWindow" />
  <action id="ActivateTerminalToolWindow">
    <keyboard-shortcut first-keystroke="ctrl j" />
  </action>
  <action id="BookmarksView.Rename" />
  <action id="ChangesView.Rename" />
  <action id="CloseContent">
    <keyboard-shortcut first-keystroke="ctrl q" />
  </action>
  <action id="Compare.SameVersion" />
  <action id="Console.TableResult.GotoReferencedResult">
    <mouse-shortcut keystroke="button1 doubleClick" />
    <keyboard-shortcut first-keystroke="enter" />
    <keyboard-shortcut first-keystroke="alt enter" />
  </action>
  <action id="EditorDuplicate">
    <keyboard-shortcut first-keystroke="ctrl d" />
  </action>
  <action id="FileChooser.NewFile" />
  <action id="Git.Rename.Local.Branch" />
  <action id="Git.Reword.Commit" />
  <action id="HideActiveWindow" />
  <action id="HideAllWindows">
    <keyboard-shortcut first-keystroke="ctrl b" />
  </action>
  <action id="HideSideWindows" />
  <action id="NewClass">
    <keyboard-shortcut first-keystroke="ctrl n" />
  </action>
  <action id="NewDir">
    <keyboard-shortcut first-keystroke="shift ctrl n" />
  </action>
  <action id="RenameFile">
    <keyboard-shortcut first-keystroke="f2" />
  </action>
  <action id="Resume" />
  <action id="Run">
    <keyboard-shortcut first-keystroke="ctrl f5" />
    <keyboard-shortcut first-keystroke="shift f6" />
  </action>
  <action id="ScrollPane-unitScrollDown" />
  <action id="SelectNextOccurrence">
    <keyboard-shortcut first-keystroke="ctrl down" />
  </action>
  <action id="ShelvedChanges.Rename" />
  <action id="StepInto" />
  <action id="Table-startEditing" />
  <action id="Terminal.CloseSession" />
  <action id="Terminal.LineDown" />
  <action id="Terminal.SelectPrompt" />
  <action id="ToggleFullScreen">
    <keyboard-shortcut first-keystroke="f11" />
  </action>
  <action id="Tree-startEditing" />
  <action id="org.intellij.plugins.markdown.ui.actions.styling.ToggleBoldAction" />
</keymap>