<application>
  <component name="CodeFoldingSettings">
    <option name="COLLAPSE_IMPORTS" value="false" />
    <option name="COLLAPSE_DOC_COMMENTS" value="true" />
  </component>
  <component name="CodeVisionSettings">
    <option name="codeVisionGroupToPosition">
      <map>
        <entry key="change.signature" value="Default" />
        <entry key="inheritors" value="Default" />
        <entry key="problems" value="Default" />
        <entry key="references" value="Default" />
        <entry key="rename" value="Default" />
        <entry key="vcs.code.vision" value="Default" />
      </map>
    </option>
    <option name="defaultPosition" value="Right" />
  </component>
  <component name="DeclarativeInlayHintsSettings">
    <option name="enabledOptions">
      <map>
        <entry key="java.annotation.hints#showExternal" value="true" />
        <entry key="java.annotation.hints#showInferred" value="true" />
        <entry key="kotlin.lambdas.hints#hints.lambda.receivers.parameters" value="false" />
        <entry key="kotlin.lambdas.hints#hints.lambda.return" value="false" />
        <entry key="kotlin.parameters.hints#hints.parameters.compiled" value="true" />
        <entry key="kotlin.parameters.hints#hints.parameters.excluded" value="false" />
        <entry key="kotlin.references.types.hints#hints.type.function.parameter" value="true" />
        <entry key="kotlin.references.types.hints#hints.type.function.return" value="true" />
        <entry key="kotlin.references.types.hints#hints.type.property" value="true" />
        <entry key="kotlin.references.types.hints#hints.type.variable" value="true" />
        <entry key="kotlin.values.hints#hints.value.kotlin.time" value="true" />
        <entry key="kotlin.values.hints#hints.value.ranges" value="true" />
      </map>
    </option>
    <option name="providerIdToEnabled">
      <map>
        <entry key="groovy.implicit.null.argument" value="true" />
        <entry key="groovy.lambda.parameter.inlay.provider" value="true" />
        <entry key="groovy.local.variable.implicit.types" value="true" />
        <entry key="java.annotation.hints" value="true" />
        <entry key="java.implicit.lambdaParameter" value="true" />
        <entry key="java.implicit.types" value="true" />
        <entry key="java.method.chains" value="true" />
        <entry key="kotlin.compiler.plugins.modality" value="true" />
        <entry key="kotlin.compiler.plugins.supertypes" value="true" />
        <entry key="kotlin.lambdas.hints" value="false" />
        <entry key="kotlin.method.chains" value="false" />
        <entry key="kotlin.parameters.hints" value="true" />
        <entry key="kotlin.references.types.hints" value="true" />
        <entry key="kotlin.values.hints" value="true" />
        <entry key="qodana.yaml.inspection.descriptions" value="true" />
      </map>
    </option>
  </component>
  <component name="EditorSettings">
    <option name="IS_RIGHT_MARGIN_SHOWN" value="false" />
  </component>
  <component name="InlayHintsSettings">
    <option name="lastViewedProviderKeyId" value="" />
  </component>
  <component name="JavaCodeFoldingSettings">
    <option name="collapseConstructorGenericParameters" value="false" />
    <option name="collapseOneLineMethods" value="false" />
  </component>
</application>