<application>
  <component name="DimensionService">
    <size key="GridCell.Tab.0.left.0.0.1920.1080" width="1655" height="179" />
    <size key="GridCell.Tab.0.center.0.0.1920.1080" width="1655" height="179" />
    <size key="GridCell.Tab.0.right.0.0.1920.1080" width="1655" height="179" />
    <size key="GridCell.Tab.0.bottom.0.0.1920.1080" width="1655" height="179" />
    <size key="GridCell.Tab.1.left.0.0.1920.1080" width="1655" height="315" />
    <size key="GridCell.Tab.1.center.0.0.1920.1080" width="1655" height="315" />
    <size key="GridCell.Tab.1.right.0.0.1920.1080" width="1655" height="315" />
    <size key="GridCell.Tab.1.bottom.0.0.1920.1080" width="1655" height="315" />
  </component>
  <component name="SingleStripeButtonsState">
    <id>Database</id>
    <id>Project</id>
    <id>Services</id>
  </component>
  <component name="WindowManager">
    <frame x="0" y="32" width="1920" height="1048" extendedState="6" />
  </component>
  <component name="WindowStateApplicationService">
    <state x="748" y="308" key="FileChooserDialogImpl" timestamp="1762777560669">
      <screen x="0" y="32" width="1920" height="1048" />
    </state>
    <state x="748" y="308" key="FileChooserDialogImpl/0.32.1920.1048" timestamp="1762777560669" />
    <state width="759" height="95" key="ShowUsagesActions.dimensionServiceKey" timestamp="1763791028408">
      <screen x="0" y="32" width="1920" height="1048" />
    </state>
    <state width="759" height="95" key="ShowUsagesActions.dimensionServiceKey/0.32.1920.1048" timestamp="1763791028408" />
    <state x="960" y="556" width="1920" height="1048" key="WELCOME_SCREEN" timestamp="1762777317844">
      <screen x="0" y="32" width="1920" height="1048" />
    </state>
    <state x="960" y="556" width="1920" height="1048" key="WELCOME_SCREEN/0.32.1920.1048" timestamp="1762777317844" />
  </component>
</application>