<application>
  <component name="ProjectManager">
    <defaultProject>
      <component name="PropertiesComponent"><![CDATA[{}]]></component>
      <component name="WindowStateProjectService">
        <state x="560" y="199" width="897" height="713" key="new project wizard" timestamp="1762777468836">
          <screen x="0" y="32" width="1920" height="1048" />
        </state>
        <state x="560" y="199" width="897" height="713" key="new project wizard/0.32.1920.1048" timestamp="1762777468836" />
      </component>
    </defaultProject>
  </component>
</application>