<application>
  <component name="Trusted.Paths">
    <option name="TRUSTED_PROJECT_PATHS">
      <map>
        <entry key="$USER_HOME$/.cache/JetBrains/IdeaIC2025.2/demo/IdeaLearningProject" value="true" />
        <entry key="$USER_HOME$/Debiancode/Learn/java/DjkstraTest2" value="true" />
        <entry key="$USER_HOME$/Debiancode/Learn/java/DjkstraTest3" value="true" />
        <entry key="$USER_HOME$/Debiancode/Learn/java/spring-learn" value="true" />
        <entry key="$USER_HOME$/Debiancode/Learn/spring/belajar-spring-restful-api" value="true" />
        <entry key="$USER_HOME$/Debiancode/Personalprojects/TubesPJMFKel2" value="true" />
        <entry key="$USER_HOME$/Debiancode/test/TubesPJMFKel2-clone" value="true" />
      </map>
    </option>
  </component>
  <component name="Trusted.Paths.Settings">
    <option name="TRUSTED_PATHS">
      <list>
        <option value="$USER_HOME$/Debiancode/Learn/java" />
        <option value="$USER_HOME$/Debiancode/Learn/spring" />
        <option value="$USER_HOME$/Debiancode/Personalprojects" />
      </list>
    </option>
  </component>
</application>